0,0,0,0,0,0,0,0,0,0,0,0,0,0,0,0,0,0,0,0,0,0,0,0,0,0,0,0,0,0,0,0,0,0,0,0,0,0,0,0,0,0,0,0,0,0,0,0,0,0,0,0,0,0,0,0,0,0,0,0,0,0,0,0,0,0,0,2,14
0,0,0,0,0,0,1,0,1,0,0,0,0,1,1,1,0,0,1,1,0,1,0,1,1,0,0,1,0,0,1,0,1,0,0,1,1,0,0,0,1,1,1,1,0,1,0,1,1,1,1,1,1,0,0,1,0,0,0,1,0,1,1,1,0,1,1,0,15
0,0,0,0,0,0,1,1,0,1,1,1,0,1,0,0,0,1,0,0,1,1,1,1,1,1,0,1,0,1,1,1,1,0,0,0,1,1,0,0,1,0,1,0,0,1,1,0,1,1,0,1,0,1,1,0,0,1,1,1,0,0,0,0,1,0,1,3,14
0,0,0,0,0,1,0,1,0,0,0,0,1,1,1,0,0,1,1,0,1,0,1,1,0,0,1,0,0,1,0,1,0,0,1,1,0,0,0,1,1,1,1,0,1,0,1,1,1,1,1,1,0,0,1,0,0,0,1,0,1,1,1,0,1,1,0,1,33
0,0,0,0,0,1,1,0,1,1,1,0,1,0,0,0,1,0,0,1,1,1,1,1,1,0,1,0,1,1,1,1,0,0,0,1,1,0,0,1,0,1,0,0,1,1,0,1,1,0,1,0,1,1,0,0,1,1,1,0,0,0,0,1,0,1,1,2,7
0,0,0,0,1,0,1,0,0,0,0,0,0,1,1,0,1,1,1,0,1,0,0,0,1,0,0,1,1,1,1,1,1,0,1,0,1,1,1,1,0,0,0,1,1,0,0,1,0,1,0,0,1,1,0,1,1,0,1,0,1,1,0,0,1,1,0,3,21
0,0,0,0,1,0,1,0,0,0,0,1,1,1,0,0,1,1,0,1,0,1,1,0,0,1,0,0,1,0,1,0,0,1,1,0,0,0,1,1,1,1,0,1,0,1,1,1,1,1,1,0,0,1,0,0,0,1,0,1,1,1,0,1,1,0,1,1,18
0,0,0,0,1,1,0,1,1,1,0,1,0,0,0,1,0,0,1,1,1,1,1,1,0,1,0,1,1,1,1,0,0,0,1,1,0,0,1,0,1,0,0,1,1,0,1,1,0,1,0,1,1,0,0,1,1,1,0,0,0,0,1,0,1,0,1,2,25
0,0,0,0,1,1,1,0,0,1,1,0,1,0,1,1,0,0,1,0,0,1,0,1,0,0,1,1,0,0,0,1,1,1,1,0,1,0,1,1,1,1,1,1,0,0,1,0,0,0,1,0,1,1,1,0,1,1,0,0,0,0,0,0,1,0,1,0,19
0,0,0,1,0,0,1,1,1,1,1,1,0,1,0,1,1,1,1,0,0,0,1,1,0,0,1,0,1,0,0,1,1,0,1,1,0,1,0,1,1,0,0,1,1,1,0,0,0,0,1,0,1,0,0,0,0,0,0,1,1,0,1,1,1,0,1,3,4
0,0,0,1,0,1,0,0,0,0,0,0,1,1,0,1,1,1,0,1,0,0,0,1,0,0,1,1,1,1,1,1,0,1,0,1,1,1,1,0,0,0,1,1,0,0,1,0,1,0,0,1,1,0,1,1,0,1,0,1,1,0,0,1,1,1,0,2,28
0,0,0,1,0,1,0,0,0,0,1,1,1,0,0,1,1,0,1,0,1,1,0,0,1,0,0,1,0,1,0,0,1,1,0,0,0,1,1,1,1,0,1,0,1,1,1,1,1,1,0,0,1,0,0,0,1,0,1,1,1,0,1,1,0,0,1,1,0
0,0,0,1,0,1,1,1,0,1,1,0,0,0,0,0,0,1,0,1,0,0,0,0,1,1,1,0,0,1,1,0,1,0,1,1,0,0,1,0,0,1,0,1,0,0,1,1,0,0,0,1,1,1,1,0,1,0,1,1,1,1,1,1,0,0,0,0,26
0,0,0,1,1,0,0,1,0,1,0,0,1,1,0,1,1,0,1,0,1,1,0,0,1,1,1,0,0,0,0,1,0,1,0,0,0,0,0,0,1,1,0,1,1,1,0,1,0,0,0,1,0,0,1,1,1,1,1,1,0,1,0,1,1,1,0,3,7
0,0,0,1,1,0,1,1,1,0,1,0,0,0,1,0,0,1,1,1,1,1,1,0,1,0,1,1,1,1,0,0,0,1,1,0,0,1,0,1,0,0,1,1,0,1,1,0,1,0,1,1,0,0,1,1,1,0,0,0,0,1,0,1,0,0,1,2,5
0,0,0,1,1,1,0,0,1,1,0,1,0,1,1,0,0,1,0,0,1,0,1,0,0,1,1,0,0,0,1,1,1,1,0,1,0,1,1,1,1,1,1,0,0,1,0,0,0,1,0,1,1,1,0,1,1,0,0,0,0,0,0,1,0,1,1,1,24
0,0,0,1,1,1,1,0,1,0,1,1,1,1,1,1,0,0,1,0,0,0,1,0,1,1,1,0,1,1,0,0,0,0,0,0,1,0,1,0,0,0,0,1,1,1,0,0,1,1,0,1,0,1,1,0,0,1,0,0,1,0,1,0,0,1,0,0,18
0,0,1,0,0,0,1,0,1,1,1,0,1,1,0,0,0,0,0,0,1,0,1,0,0,0,0,1,1,1,0,0,1,1,0,1,0,1,1,0,0,1,0,0,1,0,1,0,0,1,1,0,0,0,1,1,1,1,0,1,0,1,1,1,1,1,0,0,2
0,0,1,0,0,1,0,1,0,0,1,1,0,0,0,1,1,1,1,0,1,0,1,1,1,1,1,1,0,0,1,0,0,0,1,0,1,1,1,0,1,1,0,0,0,0,0,0,1,0,1,0,0,0,0,1,1,1,0,0,1,1,0,1,0,1,1,0,3
0,0,1,0,0,1,1,1,1,1,1,0,1,0,1,1,1,1,0,0,0,1,1,0,0,1,0,1,0,0,1,1,0,1,1,0,1,0,1,1,0,0,1,1,1,0,0,0,0,1,0,1,0,0,0,0,0,0,1,1,0,1,1,1,0,1,0,2,20
0,0,1,0,1,0,0,0,0,0,0,1,1,0,1,1,1,0,1,0,0,0,1,0,0,1,1,1,1,1,1,0,1,0,1,1,1,1,0,0,0,1,1,0,0,1,0,1,0,0,1,1,0,1,1,0,1,0,1,1,0,0,1,1,1,0,1,2,23
0,0,1,0,1,0,0,0,0,1,1,1,0,0,1,1,0,1,0,1,1,0,0,1,0,0,1,0,1,0,0,1,1,0,0,0,1,1,1,1,0,1,0,1,1,1,1,1,1,0,0,1,0,0,0,1,0,1,1,1,0,1,1,0,0,0,1,1,30
0,0,1,0,1,0,0,1,1,0,0,0,1,1,1,1,0,1,0,1,1,1,1,1,1,0,0,1,0,0,0,1,0,1,1,1,0,1,1,0,0,0,0,0,0,1,0,1,0,0,0,0,1,1,1,0,0,1,1,0,1,0,1,1,0,0,0,0,0
0,0,1,0,1,0,0,1,1,0,1,1,0,1,0,1,1,0,0,1,1,1,0,0,0,0,1,0,1,0,0,0,0,0,0,1,1,0,1,1,1,0,1,0,0,0,1,0,0,1,1,1,1,1,1,0,1,0,1,1,1,1,0,0,0,1,0,3,5
0,0,1,0,1,1,1,0,1,1,0,0,0,0,0,0,1,0,1,0,0,0,0,1,1,1,0,0,1,1,0,1,0,1,1,0,0,1,0,0,1,0,1,0,0,1,1,0,0,0,1,1,1,1,0,1,0,1,1,1,1,1,1,0,0,1,1,1,8
0,0,1,1,0,0,0,1,1,1,1,0,1,0,1,1,1,1,1,1,0,0,1,0,0,0,1,0,1,1,1,0,1,1,0,0,0,0,0,0,1,0,1,0,0,0,0,1,1,1,0,0,1,1,0,1,0,1,1,0,0,1,0,0,1,0,0,0,22
0,0,1,1,0,0,1,0,1,0,0,1,1,0,1,1,0,1,0,1,1,0,0,1,1,1,0,0,0,0,1,0,1,0,0,0,0,0,0,1,1,0,1,1,1,0,1,0,0,0,1,0,0,1,1,1,1,1,1,0,1,0,1,1,1,1,1,2,1
0,0,1,1,0,1,0,1,1,0,0,1,0,0,1,0,1,0,0,1,1,0,0,0,1,1,1,1,0,1,0,1,1,1,1,1,1,0,0,1,0,0,0,1,0,1,1,1,0,1,1,0,0,0,0,0,0,1,0,1,0,0,0,0,1,1,0,0,12
0,0,1,1,0,1,1,0,1,0,1,1,0,0,1,1,1,0,0,0,0,1,0,1,0,0,0,0,0,0,1,1,0,1,1,1,0,1,0,0,0,1,0,0,1,1,1,1,1,1,0,1,0,1,1,1,1,0,0,0,1,1,0,0,1,0,0,3,11
0,0,1,1,0,1,1,1,0,1,0,0,0,1,0,0,1,1,1,1,1,1,0,1,0,1,1,1,1,0,0,0,1,1,0,0,1,0,1,0,0,1,1,0,1,1,0,1,0,1,1,0,0,1,1,1,0,0,0,0,1,0,1,0,0,0,1,2,33
0,0,1,1,1,0,0,0,0,1,0,1,0,0,0,0,0,0,1,1,0,1,1,1,0,1,0,0,0,1,0,0,1,1,1,1,1,1,0,1,0,1,1,1,1,0,0,0,1,1,0,0,1,0,1,0,0,1,1,0,1,1,0,1,0,1,1,3,26
0,0,1,1,1,0,0,1,1,0,1,0,1,1,0,0,1,0,0,1,0,1,0,0,1,1,0,0,0,1,1,1,1,0,1,0,1,1,1,1,1,1,0,0,1,0,0,0,1,0,1,1,1,0,1,1,0,0,0,0,0,0,1,0,1,0,1,1,2
0,0,1,1,1,1,0,1,0,1,1,1,1,1,1,0,0,1,0,0,0,1,0,1,1,1,0,1,1,0,0,0,0,0,0,1,0,1,0,0,0,0,1,1,1,0,0,1,1,0,1,0,1,1,0,0,1,0,0,1,0,1,0,0,1,1,0,1,23
0,0,1,1,1,1,1,1,0,1,0,1,1,1,1,0,0,0,1,1,0,0,1,0,1,0,0,1,1,0,1,1,0,1,0,1,1,0,0,1,1,1,0,0,0,0,1,0,1,0,0,0,0,0,0,1,1,0,1,1,1,0,1,0,0,0,0,3,9
0,1,0,0,0,0,0,0,1,1,0,1,1,1,0,1,0,0,0,1,0,0,1,1,1,1,1,1,0,1,0,1,1,1,1,0,0,0,1,1,0,0,1,0,1,0,0,1,1,0,1,1,0,1,0,1,1,0,0,1,1,1,0,0,0,0,1,3,16
0,1,0,0,0,0,1,1,1,0,0,1,1,0,1,0,1,1,0,0,1,0,0,1,0,1,0,0,1,1,0,0,0,1,1,1,1,0,1,0,1,1,1,1,1,1,0,0,1,0,0,0,1,0,1,1,1,0,1,1,0,0,0,0,0,0,1,0,21
0,1,0,0,0,1,0,0,1,1,1,1,1,1,0,1,0,1,1,1,1,0,0,0,1,1,0,0,1,0,1,0,0,1,1,0,1,1,0,1,0,1,1,0,0,1,1,1,0,0,0,0,1,0,1,0,0,0,0,0,0,1,1,0,1,1,0,3,15
0,1,0,0,0,1,0,1,1,1,0,1,1,0,0,0,0,0,0,1,0,1,0,0,0,0,1,1,1,0,0,1,1,0,1,0,1,1,0,0,1,0,0,1,0,1,0,0,1,1,0,0,0,1,1,1,1,0,1,0,1,1,1,1,1,1,1,1,20
0,1,0,0,1,0,1,0,0,1,1,0,0,0,1,1,1,1,0,1,0,1,1,1,1,1,1,0,0,1,0,0,0,1,0,1,1,1,0,1,1,0,0,0,0,0,0,1,0,1,0,0,0,0,1,1,1,0,0,1,1,0,1,0,1,1,1,1,12
0,1,0,0,1,1,0,0,0,1,1,1,1,0,1,0,1,1,1,1,1,1,0,0,1,0,0,0,1,0,1,1,1,0,1,1,0,0,0,0,0,0,1,0,1,0,0,0,0,1,1,1,0,0,1,1,0,1,0,1,1,0,0,1,0,0,0,0,24
0,1,0,0,1,1,0,1,1,0,1,0,1,1,0,0,1,1,1,0,0,0,0,1,0,1,0,0,0,0,0,0,1,1,0,1,1,1,0,1,0,0,0,1,0,0,1,1,1,1,1,1,0,1,0,1,1,1,1,0,0,0,1,1,0,0,0,3,13
0,1,0,0,1,1,1,1,1,1,0,1,0,1,1,1,1,0,0,0,1,1,0,0,1,0,1,0,0,1,1,0,1,1,0,1,0,1,1,0,0,1,1,1,0,0,0,0,1,0,1,0,0,0,0,0,0,1,1,0,1,1,1,0,1,0,1,2,31
0,1,0,1,0,0,0,0,0,0,1,1,0,1,1,1,0,1,0,0,0,1,0,0,1,1,1,1,1,1,0,1,0,1,1,1,1,0,0,0,1,1,0,0,1,0,1,0,0,1,1,0,1,1,0,1,0,1,1,0,0,1,1,1,0,0,0,2,32
0,1,0,1,0,0,0,0,1,1,1,0,0,1,1,0,1,0,1,1,0,0,1,0,0,1,0,1,0,0,1,1,0,0,0,1,1,1,1,0,1,0,1,1,1,1,1,1,0,0,1,0,0,0,1,0,1,1,1,0,1,1,0,0,0,0,1,1,6
0,1,0,1,0,0,1,1,0,0,0,1,1,1,1,0,1,0,1,1,1,1,1,1,0,0,1,0,0,0,1,0,1,1,1,0,1,1,0,0,0,0,0,0,1,0,1,0,0,0,0,1,1,1,0,0,1,1,0,1,0,1,1,0,0,1,1,1,32
0,1,0,1,0,0,1,1,0,1,1,0,1,0,1,1,0,0,1,1,1,0,0,0,0,1,0,1,0,0,0,0,0,0,1,1,0,1,1,1,0,1,0,0,0,1,0,0,1,1,1,1,1,1,0,1,0,1,1,1,1,0,0,0,1,1,1,2,9
0,1,0,1,1,0,0,1,0,0,1,0,1,0,0,1,1,0,0,0,1,1,1,1,0,1,0,1,1,1,1,1,1,0,0,1,0,0,0,1,0,1,1,1,0,1,1,0,0,0,0,0,0,1,0,1,0,0,0,0,1,1,1,0,0,1,0,0,8
0,1,0,1,1,0,0,1,1,1,0,0,0,0,1,0,1,0,0,0,0,0,0,1,1,0,1,1,1,0,1,0,0,0,1,0,0,1,1,1,1,1,1,0,1,0,1,1,1,1,0,0,0,1,1,0,0,1,0,1,0,0,1,1,0,1,0,3,31
0,1,0,1,1,1,0,1,1,0,0,0,0,0,0,1,0,1,0,0,0,0,1,1,1,0,0,1,1,0,1,0,1,1,0,0,1,0,0,1,0,1,0,0,1,1,0,0,0,1,1,1,1,0,1,0,1,1,1,1,1,1,0,0,1,0,0,1,3
0,1,0,1,1,1,1,0,0,0,1,1,0,0,1,0,1,0,0,1,1,0,1,1,0,1,0,1,1,0,0,1,1,1,0,0,0,0,1,0,1,0,0,0,0,0,0,1,1,0,1,1,1,0,1,0,0,0,1,0,0,1,1,1,1,1,1,3,28
0,1,0,1,1,1,1,1,1,0,0,1,0,0,0,1,0,1,1,1,0,1,1,0,0,0,0,0,0,1,0,1,0,0,0,0,1,1,1,0,0,1,1,0,1,0,1,1,0,0,1,0,0,1,0,1,0,0,1,1,0,0,0,1,1,1,1,0,11
0,1,1,0,0,0,0,0,0,1,0,1,0,0,0,0,1,1,1,0,0,1,1,0,1,0,1,1,0,0,1,0,0,1,0,1,0,0,1,1,0,0,0,1,1,1,1,0,1,0,1,1,1,1,1,1,0,0,1,0,0,0,1,0,1,1,1,0,27
0,1,1,0,0,0,1,1,1,1,0,1,0,1,1,1,1,1,1,0,0,1,0,0,0,1,0,1,1,1,0,1,1,0,0,0,0,0,0,1,0,1,0,0,0,0,1,1,1,0,0,1,1,0,1,0,1,1,0,0,1,0,0,1,0,1,0,1,27
0,1,1,0,0,1,0,0,1,0,1,0,0,1,1,0,0,0,1,1,1,1,0,1,0,1,1,1,1,1,1,0,0,1,0,0,0,1,0,1,1,1,0,1,1,0,0,0,0,0,0,1,0,1,0,0,0,0,1,1,1,0,0,1,1,0,0,0,6
0,1,1,0,0,1,0,1,0,0,1,1,0,1,1,0,1,0,1,1,0,0,1,1,1,0,0,0,0,1,0,1,0,0,0,0,0,0,1,1,0,1,1,1,0,1,0,0,0,1,0,0,1,1,1,1,1,1,0,1,0,1,1,1,1,0,1,2,13
0,1,1,0,0,1,1,1,0,0,0,0,1,0,1,0,0,0,0,0,0,1,1,0,1,1,1,0,1,0,0,0,1,0,0,1,1,1,1,1,1,0,1,0,1,1,1,1,0,0,0,1,1,0,0,1,0,1,0,0,1,1,0,1,1,0,0,3,29
0,1,1,0,1,0,1,1,0,0,1,0,0,1,0,1,0,0,1,1,0,0,0,1,1,1,1,0,1,0,1,1,1,1,1,1,0,0,1,0,0,0,1,0,1,1,1,0,1,1,0,0,0,0,0,0,1,0,1,0,0,0,0,1,1,1,0,1,17
0,1,1,0,1,0,1,1,0,0,1,1,1,0,0,0,0,1,0,1,0,0,0,0,0,0,1,1,0,1,1,1,0,1,0,0,0,1,0,0,1,1,1,1,1,1,0,1,0,1,1,1,1,0,0,0,1,1,0,0,1,0,1,0,0,1,1,3,10
0,1,1,0,1,1,0,1,0,1,1,0,0,1,1,1,0,0,0,0,1,0,1,0,0,0,0,0,0,1,1,0,1,1,1,0,1,0,0,0,1,0,0,1,1,1,1,1,1,0,1,0,1,1,1,1,0,0,0,1,1,0,0,1,0,1,0,2,4
0,1,1,0,1,1,1,0,1,0,0,0,1,0,0,1,1,1,1,1,1,0,1,0,1,1,1,1,0,0,0,1,1,0,0,1,0,1,0,0,1,1,0,1,1,0,1,0,1,1,0,0,1,1,1,0,0,0,0,1,0,1,0,0,0,0,1,2,17
0,1,1,1,0,0,0,0,1,0,1,0,0,0,0,0,0,1,1,0,1,1,1,0,1,0,0,0,1,0,0,1,1,1,1,1,1,0,1,0,1,1,1,1,0,0,0,1,1,0,0,1,0,1,0,0,1,1,0,1,1,0,1,0,1,1,1,2,29
0,1,1,1,0,0,1,1,0,1,0,1,1,0,0,1,0,0,1,0,1,0,0,1,1,0,0,0,1,1,1,1,0,1,0,1,1,1,1,1,1,0,0,1,0,0,0,1,0,1,1,1,0,1,1,0,0,0,0,0,0,1,0,1,0,0,0,1,1
0,1,1,1,0,1,0,0,0,1,0,0,1,1,1,1,1,1,0,1,0,1,1,1,1,0,0,0,1,1,0,0,1,0,1,0,0,1,1,0,1,1,0,1,0,1,1,0,0,1,1,1,0,0,0,0,1,0,1,0,0,0,0,0,0,1,0,3,19
0,1,1,1,0,1,1,0,0,0,0,0,0,1,0,1,0,0,0,0,1,1,1,0,0,1,1,0,1,0,1,1,0,0,1,0,0,1,0,1,0,0,1,1,0,0,0,1,1,1,1,0,1,0,1,1,1,1,1,1,0,0,1,0,0,0,0,0,30
0,1,1,1,1,0,0,0,1,1,0,0,1,0,1,0,0,1,1,0,1,1,0,1,0,1,1,0,0,1,1,1,0,0,0,0,1,0,1,0,0,0,0,0,0,1,1,0,1,1,1,0,1,0,0,0,1,0,0,1,1,1,1,1,1,0,0,3,25
0,1,1,1,1,0,1,0,1,1,1,1,1,1,0,0,1,0,0,0,1,0,1,1,1,0,1,1,0,0,0,0,0,0,1,0,1,0,0,0,0,1,1,1,0,0,1,1,0,1,0,1,1,0,0,1,0,0,1,0,1,0,0,1,1,0,1,1,22
0,1,1,1,1,1,1,0,0,1,0,0,0,1,0,1,1,1,0,1,1,0,0,0,0,0,0,1,0,1,0,0,0,0,1,1,1,0,0,1,1,0,1,0,1,1,0,0,1,0,0,1,0,1,0,0,1,1,0,0,0,1,1,1,1,0,0,0,10
0,1,1,1,1,1,1,0,1,0,1,1,1,1,0,0,0,1,1,0,0,1,0,1,0,0,1,1,0,1,1,0,1,0,1,1,0,0,1,1,1,0,0,0,0,1,0,1,0,0,0,0,0,0,1,1,0,1,1,1,0,1,0,0,0,1,0,2,16
1,0,0,0,0,0,0,1,0,1,0,0,0,0,1,1,1,0,0,1,1,0,1,0,1,1,0,0,1,0,0,1,0,1,0,0,1,1,0,0,0,1,1,1,1,0,1,0,1,1,1,1,1,1,0,0,1,0,0,0,1,0,1,1,1,0,0,0,16
1,0,0,0,0,0,0,1,1,0,1,1,1,0,1,0,0,0,1,0,0,1,1,1,1,1,1,0,1,0,1,1,1,1,0,0,0,1,1,0,0,1,0,1,0,0,1,1,0,1,1,0,1,0,1,1,0,0,1,1,1,0,0,0,0,1,0,2,10
1,0,0,0,0,1,0,1,0,0,0,0,0,0,1,1,0,1,1,1,0,1,0,0,0,1,0,0,1,1,1,1,1,1,0,1,0,1,1,1,1,0,0,0,1,1,0,0,1,0,1,0,0,1,1,0,1,1,0,1,0,1,1,0,0,1,1,3,22
1,0,0,0,0,1,1,1,0,0,1,1,0,1,0,1,1,0,0,1,0,0,1,0,1,0,0,1,1,0,0,0,1,1,1,1,0,1,0,1,1,1,1,1,1,0,0,1,0,0,0,1,0,1,1,1,0,1,1,0,0,0,0,0,0,1,0,1,25
1,0,0,0,1,0,0,1,1,1,1,1,1,0,1,0,1,1,1,1,0,0,0,1,1,0,0,1,0,1,0,0,1,1,0,1,1,0,1,0,1,1,0,0,1,1,1,0,0,0,0,1,0,1,0,0,0,0,0,0,1,1,0,1,1,1,0,2,30
1,0,0,0,1,0,1,1,1,0,1,1,0,0,0,0,0,0,1,0,1,0,0,0,0,1,1,1,0,0,1,1,0,1,0,1,1,0,0,1,0,0,1,0,1,0,0,1,1,0,0,0,1,1,1,1,0,1,0,1,1,1,1,1,1,0,0,1,19
1,0,0,0,1,1,0,0,1,0,1,0,0,1,1,0,1,1,0,1,0,1,1,0,0,1,1,1,0,0,0,0,1,0,1,0,0,0,0,0,0,1,1,0,1,1,1,0,1,0,0,0,1,0,0,1,1,1,1,1,1,0,1,0,1,1,0,3,1
1,0,0,0,1,1,1,1,0,1,0,1,1,1,1,1,1,0,0,1,0,0,0,1,0,1,1,1,0,1,1,0,0,0,0,0,0,1,0,1,0,0,0,0,1,1,1,0,0,1,1,0,1,0,1,1,0,0,1,0,0,1,0,1,0,0,1,0,29
1,0,0,1,0,0,0,1,0,1,1,1,0,1,1,0,0,0,0,0,0,1,0,1,0,0,0,0,1,1,1,0,0,1,1,0,1,0,1,1,0,0,1,0,0,1,0,1,0,0,1,1,0,0,0,1,1,1,1,0,1,0,1,1,1,1,1,0,17
1,0,0,1,0,0,1,0,1,0,0,1,1,0,0,0,1,1,1,1,0,1,0,1,1,1,1,1,1,0,0,1,0,0,0,1,0,1,1,1,0,1,1,0,0,0,0,0,0,1,0,1,0,0,0,0,1,1,1,0,0,1,1,0,1,0,0,0,4
1,0,0,1,0,1,0,0,1,1,0,0,0,1,1,1,1,0,1,0,1,1,1,1,1,1,0,0,1,0,0,0,1,0,1,1,1,0,1,1,0,0,0,0,0,0,1,0,1,0,0,0,0,1,1,1,0,0,1,1,0,1,0,1,1,0,1,1,10
1,0,0,1,0,1,0,0,1,1,0,1,1,0,1,0,1,1,0,0,1,1,1,0,0,0,0,1,0,1,0,0,0,0,0,0,1,1,0,1,1,1,0,1,0,0,0,1,0,0,1,1,1,1,1,1,0,1,0,1,1,1,1,0,0,0,0,3,17
1,0,0,1,1,0,0,0,1,1,1,1,0,1,0,1,1,1,1,1,1,0,0,1,0,0,0,1,0,1,1,1,0,1,1,0,0,0,0,0,0,1,0,1,0,0,0,0,1,1,1,0,0,1,1,0,1,0,1,1,0,0,1,0,0,1,0,1,29
1,0,0,1,1,0,1,0,1,1,0,0,1,0,0,1,0,1,0,0,1,1,0,0,0,1,1,1,1,0,1,0,1,1,1,1,1,1,0,0,1,0,0,0,1,0,1,1,1,0,1,1,0,0,0,0,0,0,1,0,1,0,0,0,0,1,1,0,13
1,0,0,1,1,0,1,1,0,1,0,1,1,0,0,1,1,1,0,0,0,0,1,0,1,0,0,0,0,0,0,1,1,0,1,1,1,0,1,0,0,0,1,0,0,1,1,1,1,1,1,0,1,0,1,1,1,1,0,0,0,1,1,0,0,1,0,2,6
1,0,0,1,1,1,0,0,0,0,1,0,1,0,0,0,0,0,0,1,1,0,1,1,1,0,1,0,0,0,1,0,0,1,1,1,1,1,1,0,1,0,1,1,1,1,0,0,0,1,1,0,0,1,0,1,0,0,1,1,0,1,1,0,1,0,0,3,27
1,0,0,1,1,1,1,1,1,0,1,0,1,1,1,1,0,0,0,1,1,0,0,1,0,1,0,0,1,1,0,1,1,0,1,0,1,1,0,0,1,1,1,0,0,0,0,1,0,1,0,0,0,0,0,0,1,1,0,1,1,1,0,1,0,0,1,2,27
1,0,1,0,0,0,0,0,0,1,1,0,1,1,1,0,1,0,0,0,1,0,0,1,1,1,1,1,1,0,1,0,1,1,1,1,0,0,0,1,1,0,0,1,0,1,0,0,1,1,0,1,1,0,1,0,1,1,0,0,1,1,1,0,0,0,1,2,11
1,0,1,0,0,0,0,1,1,1,0,0,1,1,0,1,0,1,1,0,0,1,0,0,1,0,1,0,0,1,1,0,0,0,1,1,1,1,0,1,0,1,1,1,1,1,1,0,0,1,0,0,0,1,0,1,1,1,0,1,1,0,0,0,0,0,1,1,28
1,0,1,0,0,0,1,0,0,1,1,1,1,1,1,0,1,0,1,1,1,1,0,0,0,1,1,0,0,1,0,1,0,0,1,1,0,1,1,0,1,0,1,1,0,0,1,1,1,0,0,0,0,1,0,1,0,0,0,0,0,0,1,1,0,1,0,3,3
1,0,1,0,0,1,1,0,0,0,1,1,1,1,0,1,0,1,1,1,1,1,1,0,0,1,0,0,0,1,0,1,1,1,0,1,1,0,0,0,0,0,0,1,0,1,0,0,0,0,1,1,1,0,0,1,1,0,1,0,1,1,0,0,1,0,0,1,31
1,0,1,0,0,1,1,0,1,1,0,1,0,1,1,0,0,1,1,1,0,0,0,0,1,0,1,0,0,0,0,0,0,1,1,0,1,1,1,0,1,0,0,0,1,0,0,1,1,1,1,1,1,0,1,0,1,1,1,1,0,0,0,1,1,0,0,2,8
1,0,1,0,1,1,0,0,1,0,0,1,0,1,0,0,1,1,0,0,0,1,1,1,1,0,1,0,1,1,1,1,1,1,0,0,1,0,0,0,1,0,1,1,1,0,1,1,0,0,0,0,0,0,1,0,1,0,0,0,0,1,1,1,0,0,1,0,9
1,0,1,0,1,1,0,0,1,1,1,0,0,0,0,1,0,1,0,0,0,0,0,0,1,1,0,1,1,1,0,1,0,0,0,1,0,0,1,1,1,1,1,1,0,1,0,1,1,1,1,0,0,0,1,1,0,0,1,0,1,0,0,1,1,0,1,3,32
1,0,1,0,1,1,1,1,0,0,0,1,1,0,0,1,0,1,0,0,1,1,0,1,1,0,1,0,1,1,0,0,1,1,1,0,0,0,0,1,0,1,0,0,0,0,0,0,1,1,0,1,1,1,0,1,0,0,0,1,0,0,1,1,1,1,1,3,6
1,0,1,0,1,1,1,1,1,1,0,0,1,0,0,0,1,0,1,1,1,0,1,1,0,0,0,0,0,0,1,0,1,0,0,0,0,1,1,1,0,0,1,1,0,1,0,1,1,0,0,1,0,0,1,0,1,0,0,1,1,0,0,0,1,1,0,0,32
1,0,1,1,0,0,0,0,0,0,1,0,1,0,0,0,0,1,1,1,0,0,1,1,0,1,0,1,1,0,0,1,0,0,1,0,1,0,0,1,1,0,0,0,1,1,1,1,0,1,0,1,1,1,1,1,1,0,0,1,0,0,0,1,0,1,1,0,31
1,0,1,1,0,0,1,0,0,1,0,1,0,0,1,1,0,0,0,1,1,1,1,0,1,0,1,1,1,1,1,1,0,0,1,0,0,0,1,0,1,1,1,0,1,1,0,0,0,0,0,0,1,0,1,0,0,0,0,1,1,1,0,0,1,1,0,1,13
1,0,1,1,0,0,1,1,1,0,0,0,0,1,0,1,0,0,0,0,0,0,1,1,0,1,1,1,0,1,0,0,0,1,0,0,1,1,1,1,1,1,0,1,0,1,1,1,1,0,0,0,1,1,0,0,1,0,1,0,0,1,1,0,1,1,0,2,24
1,0,1,1,0,1,0,1,1,0,0,1,1,1,0,0,0,0,1,0,1,0,0,0,0,0,0,1,1,0,1,1,1,0,1,0,0,0,1,0,0,1,1,1,1,1,1,0,1,0,1,1,1,1,0,0,0,1,1,0,0,1,0,1,0,0,1,3,12
1,0,1,1,1,0,1,0,0,0,1,0,0,1,1,1,1,1,1,0,1,0,1,1,1,1,0,0,0,1,1,0,0,1,0,1,0,0,1,1,0,1,1,0,1,0,1,1,0,0,1,1,1,0,0,0,0,1,0,1,0,0,0,0,0,0,1,3,20
1,0,1,1,1,0,1,1,0,0,0,0,0,0,1,0,1,0,0,0,0,1,1,1,0,0,1,1,0,1,0,1,1,0,0,1,0,0,1,0,1,0,0,1,1,0,0,0,1,1,1,1,0,1,0,1,1,1,1,1,1,0,0,1,0,0,0,1,15
1,0,1,1,1,1,0,0,0,1,1,0,0,1,0,1,0,0,1,1,0,1,1,0,1,0,1,1,0,0,1,1,1,0,0,0,0,1,0,1,0,0,0,0,0,0,1,1,0,1,1,1,0,1,0,0,0,1,0,0,1,1,1,1,1,1,1,2,21
1,0,1,1,1,1,1,1,0,0,1,0,0,0,1,0,1,1,1,0,1,1,0,0,0,0,0,0,1,0,1,0,0,0,0,1,1,1,0,0,1,1,0,1,0,1,1,0,0,1,0,0,1,0,1,0,0,1,1,0,0,0,1,1,1,1,1,1,16
1,1,0,0,0,0,0,0,1,0,1,0,0,0,0,1,1,1,0,0,1,1,0,1,0,1,1,0,0,1,0,0,1,0,1,0,0,1,1,0,0,0,1,1,1,1,0,1,0,1,1,1,1,1,1,0,0,1,0,0,0,1,0,1,1,1,0,1,9
1,1,0,0,0,0,1,0,1,0,0,0,0,0,0,1,1,0,1,1,1,0,1,0,0,0,1,0,0,1,1,1,1,1,1,0,1,0,1,1,1,1,0,0,0,1,1,0,0,1,0,1,0,0,1,1,0,1,1,0,1,0,1,1,0,0,0,3,23
1,1,0,0,0,1,1,0,0,1,0,1,0,0,1,1,0,1,1,0,1,0,1,1,0,0,1,1,1,0,0,0,0,1,0,1,0,0,0,0,0,0,1,1,0,1,1,1,0,1,0,0,0,1,0,0,1,1,1,1,1,1,0,1,0,1,1,3,2
1,1,0,0,0,1,1,1,1,0,1,0,1,1,1,1,1,1,0,0,1,0,0,0,1,0,1,1,1,0,1,1,0,0,0,0,0,0,1,0,1,0,0,0,0,1,1,1,0,0,1,1,0,1,0,1,1,0,0,1,0,0,1,0,1,0,1,1,26
1,1,0,0,1,0,0,0,1,0,1,1,1,0,1,1,0,0,0,0,0,0,1,0,1,0,0,0,0,1,1,1,0,0,1,1,0,1,0,1,1,0,0,1,0,0,1,0,1,0,0,1,1,0,0,0,1,1,1,1,0,1,0,1,1,1,1,0,33
1,1,0,0,1,0,0,1,0,1,0,0,1,1,0,0,0,1,1,1,1,0,1,0,1,1,1,1,1,1,0,0,1,0,0,0,1,0,1,1,1,0,1,1,0,0,0,0,0,0,1,0,1,0,0,0,0,1,1,1,0,0,1,1,0,1,0,1,11
1,1,0,0,1,0,1,0,0,1,1,0,1,1,0,1,0,1,1,0,0,1,1,1,0,0,0,0,1,0,1,0,0,0,0,0,0,1,1,0,1,1,1,0,1,0,0,0,1,0,0,1,1,1,1,1,1,0,1,0,1,1,1,1,0,0,0,2,12
1,1,0,0,1,1,0,1,0,1,1,0,0,1,0,0,1,0,1,0,0,1,1,0,0,0,1,1,1,1,0,1,0,1,1,1,1,1,1,0,0,1,0,0,0,1,0,1,1,1,0,1,1,0,0,0,0,0,0,1,0,1,0,0,0,0,1,0,1
1,1,0,0,1,1,1,0,0,0,0,1,0,1,0,0,0,0,0,0,1,1,0,1,1,1,0,1,0,0,0,1,0,0,1,1,1,1,1,1,0,1,0,1,1,1,1,0,0,0,1,1,0,0,1,0,1,0,0,1,1,0,1,1,0,1,0,2,22
1,1,0,1,0,0,0,1,0,0,1,1,1,1,1,1,0,1,0,1,1,1,1,0,0,0,1,1,0,0,1,0,1,0,0,1,1,0,1,1,0,1,0,1,1,0,0,1,1,1,0,0,0,0,1,0,1,0,0,0,0,0,0,1,1,0,1,3,8
1,1,0,1,0,1,1,0,0,1,0,0,1,0,1,0,0,1,1,0,0,0,1,1,1,1,0,1,0,1,1,1,1,1,1,0,0,1,0,0,0,1,0,1,1,1,0,1,1,0,0,0,0,0,0,1,0,1,0,0,0,0,1,1,1,0,0,1,5
1,1,0,1,0,1,1,0,0,1,1,1,0,0,0,0,1,0,1,0,0,0,0,0,0,1,1,0,1,1,1,0,1,0,0,0,1,0,0,1,1,1,1,1,1,0,1,0,1,1,1,1,0,0,0,1,1,0,0,1,0,1,0,0,1,1,0,2,0
1,1,0,1,0,1,1,1,1,0,0,0,1,1,0,0,1,0,1,0,0,1,1,0,1,1,0,1,0,1,1,0,0,1,1,1,0,0,0,0,1,0,1,0,0,0,0,0,0,1,1,0,1,1,1,0,1,0,0,0,1,0,0,1,1,1,1,3,30
1,1,0,1,0,1,1,1,1,1,1,0,0,1,0,0,0,1,0,1,1,1,0,1,1,0,0,0,0,0,0,1,0,1,0,0,0,0,1,1,1,0,0,1,1,0,1,0,1,1,0,0,1,0,0,1,0,1,0,0,1,1,0,0,0,1,1,0,23
1,1,0,1,1,0,0,0,0,0,0,1,0,1,0,0,0,0,1,1,1,0,0,1,1,0,1,0,1,1,0,0,1,0,0,1,0,1,0,0,1,1,0,0,0,1,1,1,1,0,1,0,1,1,1,1,1,1,0,0,1,0,0,0,1,0,0,0,20
1,1,0,1,1,0,1,0,1,1,0,0,1,1,1,0,0,0,0,1,0,1,0,0,0,0,0,0,1,1,0,1,1,1,0,1,0,0,0,1,0,0,1,1,1,1,1,1,0,1,0,1,1,1,1,0,0,0,1,1,0,0,1,0,1,0,1,2,3
1,1,0,1,1,1,0,1,0,0,0,1,0,0,1,1,1,1,1,1,0,1,0,1,1,1,1,0,0,0,1,1,0,0,1,0,1,0,0,1,1,0,1,1,0,1,0,1,1,0,0,1,1,1,0,0,0,0,1,0,1,0,0,0,0,0,0,2,2
1,1,1,0,0,0,0,1,0,1,0,0,0,0,0,0,1,1,0,1,1,1,0,1,0,0,0,1,0,0,1,1,1,1,1,1,0,1,0,1,1,1,1,0,0,0,1,1,0,0,1,0,1,0,0,1,1,0,1,1,0,1,0,1,1,0,0,2,18
1,1,1,0,0,0,1,1,0,0,1,0,1,0,0,1,1,0,1,1,0,1,0,1,1,0,0,1,1,1,0,0,0,0,1,0,1,0,0,0,0,0,0,1,1,0,1,1,1,0,1,0,0,0,1,0,0,1,1,1,1,1,1,0,1,0,1,3,24
1,1,1,0,0,1,0,0,0,1,0,1,1,1,0,1,1,0,0,0,0,0,0,1,0,1,0,0,0,0,1,1,1,0,0,1,1,0,1,0,1,1,0,0,1,0,0,1,0,1,0,0,1,1,0,0,0,1,1,1,1,0,1,0,1,1,1,0,5
1,1,1,0,0,1,1,0,1,0,1,1,0,0,1,0,0,1,0,1,0,0,1,1,0,0,0,1,1,1,1,0,1,0,1,1,1,1,1,1,0,0,1,0,0,0,1,0,1,1,1,0,1,1,0,0,0,0,0,0,1,0,1,0,0,0,0,1,7
1,1,1,0,1,0,0,0,1,0,0,1,1,1,1,1,1,0,1,0,1,1,1,1,0,0,0,1,1,0,0,1,0,1,0,0,1,1,0,1,1,0,1,0,1,1,0,0,1,1,1,0,0,0,0,1,0,1,0,0,0,0,0,0,1,1,0,2,26
1,1,1,0,1,0,1,1,1,1,0,0,0,1,1,0,0,1,0,1,0,0,1,1,0,1,1,0,1,0,1,1,0,0,1,1,1,0,0,0,0,1,0,1,0,0,0,0,0,0,1,1,0,1,1,1,0,1,0,0,0,1,0,0,1,1,1,3,0
1,1,1,0,1,0,1,1,1,1,1,1,0,0,1,0,0,0,1,0,1,1,1,0,1,1,0,0,0,0,0,0,1,0,1,0,0,0,0,1,1,1,0,0,1,1,0,1,0,1,1,0,0,1,0,0,1,0,1,0,0,1,1,0,0,0,0,0,28
1,1,1,0,1,1,0,0,0,0,0,0,1,0,1,0,0,0,0,1,1,1,0,0,1,1,0,1,0,1,1,0,0,1,0,0,1,0,1,0,0,1,1,0,0,0,1,1,1,1,0,1,0,1,1,1,1,1,1,0,0,1,0,0,0,1,1,1,4
1,1,1,1,0,0,0,1,1,0,0,1,0,1,0,0,1,1,0,1,1,0,1,0,1,1,0,0,1,1,1,0,0,0,0,1,0,1,0,0,0,0,0,0,1,1,0,1,1,1,0,1,0,0,0,1,0,0,1,1,1,1,1,1,0,1,1,2,19
1,1,1,1,0,0,1,0,0,0,1,0,1,1,1,0,1,1,0,0,0,0,0,0,1,0,1,0,0,0,0,1,1,1,0,0,1,1,0,1,0,1,1,0,0,1,0,0,1,0,1,0,0,1,1,0,0,0,1,1,1,1,0,1,0,1,1,0,25
1,1,1,1,0,1,0,1,1,1,1,0,0,0,1,1,0,0,1,0,1,0,0,1,1,0,1,1,0,1,0,1,1,0,0,1,1,1,0,0,0,0,1,0,1,0,0,0,0,0,0,1,1,0,1,1,1,0,1,0,0,0,1,0,0,1,1,3,18
1,1,1,1,0,1,0,1,1,1,1,1,1,0,0,1,0,0,0,1,0,1,1,1,0,1,1,0,0,0,0,0,0,1,0,1,0,0,0,0,1,1,1,0,0,1,1,0,1,0,1,1,0,0,1,0,0,1,0,1,0,0,1,1,0,0,0,1,21
1,1,1,1,1,0,0,1,0,0,0,1,0,1,1,1,0,1,1,0,0,0,0,0,0,1,0,1,0,0,0,0,1,1,1,0,0,1,1,0,1,0,1,1,0,0,1,0,0,1,0,1,0,0,1,1,0,0,0,1,1,1,1,0,1,0,1,0,7
1,1,1,1,1,0,1,0,1,1,1,1,0,0,0,1,1,0,0,1,0,1,0,0,1,1,0,1,1,0,1,0,1,1,0,0,1,1,1,0,0,0,0,1,0,1,0,0,0,0,0,0,1,1,0,1,1,1,0,1,0,0,0,1,0,0,0,3,33
1,1,1,1,1,1,0,0,1,0,0,0,1,0,1,1,1,0,1,1,0,0,0,0,0,0,1,0,1,0,0,0,0,1,1,1,0,0,1,1,0,1,0,1,1,0,0,1,0,0,1,0,1,0,0,1,1,0,0,0,1,1,1,1,0,1,1,1,14
1,1,1,1,1,1,0,1,0,1,1,1,1,0,0,0,1,1,0,0,1,0,1,0,0,1,1,0,1,1,0,1,0,1,1,0,0,1,1,1,0,0,0,0,1,0,1,0,0,0,0,0,0,1,1,0,1,1,1,0,1,0,0,0,1,0,1,2,15
1,1,1,1,1,1,1,1,1,1,1,1,1,1,1,1,1,1,1,1,1,1,1,1,1,1,1,1,1,1,1,1,1,1,1,1,1,1,1,1,1,1,1,1,1,1,1,1,1,1,1,1,1,1,1,1,1,1,1,1,1,1,1,1,1,1,0,0,14
